employee_id,is_married,marital_status_id,employee_status_id,department_id,perf_score_id,is_diversity_job_fair,employee_salary,is_active,is_terminated,position_id,gender_id,is_underrep_gender,is_citizen,is_hispanic_latino,is_underrep_race_eth,employee_status,survey_engagement_score,survey_emp_satisfaction_score,count_special_projects,count_days_late_past_30_days,count_absences
10184,0,0,1,5,3,0,65288,1,0,21,1,1,1,0,0,Active,3.19,3,0,0,9
10104,0,0,1,5,3,0,66738,1,0,21,0,0,1,0,0,Active,4.53,5,0,0,5
10047,1,1,3,5,3,0,50428,0,1,20,1,1,1,0,1,Voluntarily Terminated,5,3,0,0,11
10044,1,1,3,3,3,0,75281,0,1,17,1,1,1,0,0,Voluntarily Terminated,5,3,5,0,11
10238,1,1,1,2,3,1,63000,1,0,1,0,0,1,0,1,Active,4.5,2,6,0,14
10213,1,1,1,5,3,0,58207,1,0,21,1,1,1,0,0,Active,3.7,3,0,0,14
10285,1,1,2,5,2,0,61422,0,1,20,0,0,1,0,0,Terminated for Cause,3.6,3,0,4,16
10015,0,0,1,3,4,0,178000,1,0,12,1,1,1,0,1,Active,5,5,5,0,15
10038,0,2,1,2,3,0,64520,1,0,1,1,1,1,0,1,Active,5,4,4,0,3
10134,1,1,1,2,3,0,93046,1,0,25,1,1,1,0,0,Active,4.1,4,0,0,20
10120,0,3,1,5,3,0,74417,1,0,21,1,1,1,0,1,Active,4.29,5,0,0,11
10180,1,1,1,3,3,0,87565,1,0,30,1,1,1,0,1,Active,3.27,4,5,0,13
10216,0,0,1,5,3,0,57575,1,0,20,1,1,1,0,1,Active,4.1,4,0,0,13
10177,1,1,3,5,3,0,53492,0,1,20,0,0,1,0,0,Voluntarily Terminated,3.35,4,0,0,6
10115,0,0,1,5,3,0,52846,1,0,20,1,1,1,0,1,Active,4.43,3,0,0,14
10208,0,0,1,5,3,0,46654,1,0,20,1,1,1,0,1,Active,3.1,3,0,0,3
10020,0,4,1,5,4,0,63353,1,0,20,1,1,1,0,0,Active,3.6,5,0,0,4
10271,0,4,1,5,3,0,45046,1,0,20,0,0,1,0,1,Active,4.5,5,0,0,2
10105,0,0,1,5,3,0,75188,1,0,19,0,0,1,0,0,Active,4.52,4,0,0,4
10187,0,2,3,5,3,0,46799,0,1,20,0,0,0,0,1,Voluntarily Terminated,3.17,4,0,0,14
10160,0,2,3,5,3,0,68182,0,1,21,0,0,1,0,0,Voluntarily Terminated,3.72,3,0,0,18
10290,1,1,2,4,2,0,99280,0,1,24,0,0,1,0,1,Terminated for Cause,2.1,5,4,4,19
10211,1,1,1,5,3,0,62514,1,0,20,0,0,1,0,0,Active,2.9,3,0,0,6
10275,1,1,3,5,3,0,64066,0,1,21,0,0,1,0,0,Voluntarily Terminated,4.2,5,0,0,9
10098,0,2,1,5,3,0,62957,1,0,19,1,1,1,0,0,Active,4.63,3,0,0,2
10128,0,0,3,5,3,1,62659,0,1,20,0,0,1,0,1,Voluntarily Terminated,4.18,4,0,0,17
10281,0,0,1,5,2,0,53060,1,0,20,1,1,1,0,1,Active,4.25,3,0,4,6
10137,1,1,1,5,3,0,63450,1,0,21,1,1,1,0,0,Active,4,3,0,0,7
10179,1,1,1,3,3,0,50750,1,0,17,0,0,1,0,0,Active,3.31,3,6,0,7
10240,0,0,3,5,3,0,64786,0,1,20,0,0,1,0,0,Voluntarily Terminated,4.3,4,0,0,3
10139,0,0,1,5,3,0,51908,1,0,20,0,0,1,0,0,Active,3.99,3,0,0,14
10251,1,1,1,5,3,0,64738,1,0,20,1,1,1,0,1,Active,4.1,3,0,0,10
10158,1,1,1,5,3,0,63682,1,0,19,0,0,1,0,1,Active,3.73,4,0,0,12
10270,0,0,3,5,3,0,74813,0,1,21,0,0,1,0,0,Voluntarily Terminated,4.4,3,0,0,5
10236,0,2,1,5,3,0,45069,1,0,20,0,0,1,0,0,Active,4.3,5,0,0,7
10221,1,1,3,5,3,1,60754,0,1,20,0,0,0,0,1,Voluntarily Terminated,4.5,5,0,0,11
10176,1,1,1,5,3,0,63973,1,0,20,1,1,1,0,1,Active,3.38,3,0,0,17
10295,0,0,1,5,2,1,47750,1,0,20,0,0,1,0,1,Active,2.6,4,0,5,4
10282,0,2,1,5,2,0,68051,1,0,19,1,1,1,0,0,Active,4.13,2,0,3,3
10196,1,1,3,5,3,0,64955,0,1,21,0,0,1,0,0,Voluntarily Terminated,3.02,3,0,0,3
10087,0,0,3,5,3,0,63676,0,1,20,0,0,1,0,1,Voluntarily Terminated,4.88,3,0,0,17
10070,1,1,3,5,3,0,55722,0,1,20,1,1,1,0,0,Voluntarily Terminated,5,4,0,0,14
10265,0,0,1,5,3,0,58709,1,0,20,1,1,1,0,1,Active,4.6,4,0,0,7
10193,1,1,1,3,3,0,83552,1,0,9,1,1,1,0,0,Active,3.04,3,6,0,2
10037,0,3,1,5,4,1,52984,1,0,20,0,0,1,0,1,Active,4,3,0,0,12
10135,0,0,1,5,3,0,65893,1,0,21,1,1,1,0,0,Active,4.07,4,0,0,13
10132,0,0,1,5,3,0,56149,1,0,20,0,0,1,0,0,Active,4.12,5,0,0,15
10009,0,2,1,5,4,0,60724,1,0,21,0,0,1,0,1,Active,4.6,4,0,0,11
10263,1,1,1,5,3,0,71776,1,0,21,0,0,1,0,1,Active,4.4,5,0,0,17
10218,0,3,1,5,3,0,66149,1,0,21,0,0,1,0,1,Active,4.4,5,0,0,1
10004,0,0,3,5,4,1,47434,0,1,20,0,0,1,1,1,Voluntarily Terminated,5,4,0,0,17
10005,0,0,3,4,4,1,108987,0,1,24,1,1,1,0,1,Voluntarily Terminated,5,5,3,0,13
10153,1,1,3,2,3,1,55000,0,1,2,0,0,1,0,1,Voluntarily Terminated,3.8,4,4,0,17
10002,0,0,1,5,4,0,57568,1,0,20,0,0,1,0,0,Active,5,5,0,0,15
10154,0,0,1,5,3,0,60380,1,0,20,1,1,1,0,0,Active,3.8,5,0,0,4
10095,0,0,3,5,3,0,63878,0,1,21,0,0,1,0,0,Voluntarily Terminated,4.68,4,0,0,20
10256,1,1,1,5,3,0,49256,1,0,20,0,0,1,0,1,Active,4.1,5,0,0,3
10204,0,2,3,5,3,0,58062,0,1,20,0,0,1,0,0,Voluntarily Terminated,3.6,5,0,0,9
10292,0,0,2,5,2,0,59144,0,1,20,1,1,1,0,1,Terminated for Cause,2,3,0,5,16
10032,1,1,3,5,4,0,57954,0,1,21,0,0,1,0,0,Voluntarily Terminated,4.2,5,0,0,12
10186,1,1,3,5,3,0,52624,0,1,20,0,0,1,0,0,Voluntarily Terminated,3.18,4,0,0,16
10088,1,1,1,5,3,0,64991,1,0,20,0,0,1,0,0,Active,4.84,5,0,0,15
10250,0,2,1,3,3,0,50178,1,0,16,1,1,1,0,0,Active,5,5,6,0,16
10082,0,0,1,3,3,0,100031,1,0,29,0,0,1,0,1,Active,5,5,6,0,7
10028,0,0,1,3,4,0,138888,1,0,14,1,1,1,0,1,Active,4.3,5,5,0,4
10237,1,1,1,5,3,0,66825,1,0,21,0,0,1,0,0,Active,4.6,3,0,0,20
10007,1,1,1,5,4,0,62065,1,0,20,0,0,1,0,0,Active,4.76,4,0,0,5
10232,0,0,1,3,3,0,81584,1,0,23,0,0,1,0,1,Active,4.1,5,7,0,2
10016,1,1,1,3,4,0,93554,1,0,9,0,0,1,0,1,Active,4.6,5,7,0,16
10162,1,1,1,3,3,0,89883,1,0,9,0,0,1,0,0,Active,3.69,5,6,0,15
10054,0,3,1,5,3,0,60627,1,0,20,0,0,1,0,0,Active,5,4,0,0,8
10291,0,2,1,6,2,1,72992,1,0,22,1,1,1,0,1,Active,2.4,4,0,2,16
10293,0,0,3,5,2,0,50274,0,1,20,0,0,1,0,0,Voluntarily Terminated,2.5,3,0,6,13
10192,0,0,1,5,3,0,50482,1,0,20,1,1,1,0,0,Active,3.07,4,0,0,10
10172,0,0,1,3,3,0,84903,1,0,23,1,1,1,0,1,Active,3.42,4,7,0,17
10092,1,1,2,5,3,0,82758,0,1,19,1,1,1,0,0,Terminated for Cause,4.78,4,0,0,9
10181,1,1,1,5,3,0,62162,1,0,21,1,1,1,0,0,Active,3.25,5,0,0,15
10175,0,0,3,5,3,0,74312,0,1,19,1,1,1,0,1,Voluntarily Terminated,3.39,3,0,0,14
10230,0,2,3,5,3,0,64971,0,1,21,0,0,0,0,1,Voluntarily Terminated,4.5,4,0,0,10
10114,0,0,1,5,3,1,47837,1,0,20,0,0,1,0,1,Active,4.46,3,0,0,4
10089,1,1,1,1,3,0,250000,1,0,18,0,0,1,1,0,Active,4.83,3,0,0,10
10111,0,0,1,5,3,0,52249,1,0,20,1,1,1,1,0,Active,4.5,3,0,0,5
10222,0,2,3,3,3,1,148999,0,1,13,1,1,1,0,1,Voluntarily Terminated,4.3,4,6,0,8
10055,0,0,1,5,3,0,59026,1,0,20,0,0,0,0,0,Active,5,5,0,0,12
10191,0,4,3,5,3,0,52788,0,1,20,1,1,1,0,0,Voluntarily Terminated,3.08,4,0,0,18
10118,1,1,2,3,3,0,113999,0,1,8,1,1,1,0,1,Terminated for Cause,4.33,3,7,0,9
10026,0,0,1,5,4,0,62506,1,0,20,1,1,1,0,0,Active,4.6,5,0,0,1
10075,0,0,3,5,3,0,68099,0,1,21,0,0,1,0,0,Voluntarily Terminated,5,3,0,0,15
10201,0,0,1,5,3,0,69340,1,0,21,0,0,1,0,0,Active,3,5,0,0,4
10287,0,0,1,5,2,0,63025,1,0,20,0,0,1,0,0,Active,2.44,5,0,4,18
10245,0,0,2,3,3,0,110000,0,1,8,0,0,1,1,0,Terminated for Cause,4.5,4,5,0,8
10247,0,0,1,5,3,0,48888,1,0,20,1,1,1,0,0,Active,4.7,5,0,0,8
10226,0,2,1,5,3,0,64919,1,0,20,0,0,1,0,1,Active,4.2,3,0,0,2
10130,1,1,3,5,3,0,74669,0,1,19,0,0,1,0,0,Voluntarily Terminated,4.16,5,0,0,6
10072,0,0,3,5,3,0,58371,0,1,20,1,1,1,1,0,Voluntarily Terminated,5,5,0,0,11
10019,0,0,1,5,4,0,170500,1,0,10,1,1,1,0,1,Active,3.7,5,0,0,15
10003,1,1,1,5,4,0,62910,1,0,20,0,0,1,0,0,Active,5,3,0,0,19
10203,0,3,1,5,3,1,64375,1,0,20,0,0,1,0,1,Active,3.5,5,0,0,17
10168,0,0,1,5,3,0,64816,1,0,20,0,0,0,0,1,Active,3.58,5,0,0,3
10131,1,1,3,4,3,1,83363,0,1,24,1,1,0,0,1,Voluntarily Terminated,4.15,4,0,0,4
10033,0,0,3,5,4,0,70507,0,1,21,1,1,1,0,0,Voluntarily Terminated,5,3,0,0,7
10108,1,1,1,3,3,0,110929,1,0,5,1,1,1,0,0,Active,4.5,5,7,0,8
10197,0,0,1,3,3,0,96820,1,0,4,1,1,1,0,0,Active,3.01,5,7,0,15
10235,1,1,1,5,3,0,54285,1,0,20,1,1,1,0,0,Active,4.2,3,0,0,3
10116,0,0,1,5,3,0,83667,1,0,19,1,1,1,1,1,Active,4.37,3,0,0,2
10027,0,0,1,5,4,0,60656,1,0,21,1,1,1,0,0,Active,4.3,3,0,0,4
10052,1,1,1,5,3,0,46120,1,0,20,1,1,1,0,0,Active,5,5,0,0,13
10151,1,1,1,3,3,0,52599,1,0,17,0,0,1,0,0,Active,3.81,3,6,0,6
10061,0,0,2,5,3,0,57834,0,1,20,1,1,1,0,0,Terminated for Cause,5,4,0,0,20
10080,1,1,1,2,3,0,99351,1,0,28,0,0,1,0,0,Active,5,3,2,0,3
10217,1,1,1,5,3,0,74226,1,0,21,0,0,0,0,1,Active,4.3,3,0,0,14
10278,0,2,1,5,3,0,47961,1,0,20,0,0,1,0,1,Active,4.1,4,0,0,9
10079,0,0,1,3,3,0,87921,1,0,23,1,1,1,0,1,Active,5,3,6,0,17
10086,0,0,1,3,3,0,150290,1,0,7,0,0,1,0,1,Active,4.94,3,5,0,17
10310,1,1,1,5,1,0,53189,1,0,20,1,1,1,0,0,Active,1.12,2,0,4,9
10283,1,1,3,5,2,1,54933,0,1,20,1,1,1,0,1,Voluntarily Terminated,3.97,4,0,3,15
10242,1,1,3,5,3,1,47211,0,1,20,1,1,1,1,1,Voluntarily Terminated,4.2,3,0,0,15
10233,1,1,1,5,3,0,57975,1,0,21,1,1,1,0,0,Active,4.1,3,0,0,13
10141,0,0,3,5,3,0,48413,0,1,20,0,0,1,0,0,Voluntarily Terminated,3.98,4,0,0,1
10010,0,0,1,3,4,0,220450,1,0,6,0,0,1,0,0,Active,4.6,5,6,0,16
10046,0,0,1,5,3,0,51044,1,0,20,1,1,1,1,0,Active,5,3,0,0,13
10227,0,0,1,5,3,0,61242,1,0,20,0,0,1,0,1,Active,4.1,3,0,0,7
10106,0,2,3,5,3,0,66074,0,1,21,0,0,1,0,1,Voluntarily Terminated,4.52,3,0,0,20
10302,1,1,1,5,1,0,64021,1,0,20,0,0,1,0,0,Active,2.4,2,1,6,20
10123,0,2,1,5,3,0,56339,1,0,20,0,0,1,0,1,Active,4.21,5,0,0,4
10031,0,2,1,5,4,1,59892,1,0,20,1,1,1,0,1,Active,4.5,4,0,0,1
10264,0,0,3,5,3,1,59728,0,1,20,0,0,1,1,1,Voluntarily Terminated,4.3,4,0,0,16
10060,0,3,1,5,3,0,60436,1,0,20,0,0,1,0,0,Active,5,5,0,0,9
10225,0,0,1,5,3,0,59472,1,0,20,1,1,1,0,0,Active,4.8,3,0,0,14
10215,0,0,3,5,3,1,50470,0,1,20,1,1,1,0,1,Voluntarily Terminated,4.3,3,0,0,19
10194,0,0,1,4,3,0,95660,1,0,24,0,0,1,0,0,Active,3.04,3,4,0,19
10056,1,1,1,5,3,0,57583,1,0,20,0,0,1,0,0,Active,5,3,0,0,1
10017,1,1,1,5,4,0,77915,1,0,19,0,0,1,0,0,Active,4.1,3,0,0,11
10239,1,1,1,3,3,0,95920,1,0,4,0,0,1,0,1,Active,4.4,4,6,0,10
10178,1,1,1,3,3,0,87826,1,0,9,1,1,1,1,0,Active,3.32,3,7,0,16
10133,1,1,1,3,3,0,70621,1,0,16,0,0,1,0,0,Active,4.11,4,6,0,16
10257,0,0,1,5,3,0,53171,1,0,20,0,0,1,1,1,Active,4.2,4,0,0,12
10096,0,4,3,5,3,0,67237,0,1,21,0,0,1,0,0,Voluntarily Terminated,4.65,4,0,0,15
10057,1,1,1,5,3,0,52057,1,0,20,0,0,1,0,1,Active,5,3,0,0,6
10183,0,0,1,5,3,0,62068,1,0,20,0,0,1,0,0,Active,3.21,3,0,0,7
10207,0,0,1,5,3,0,46335,1,0,20,0,0,1,1,0,Active,3.4,5,0,0,15
10249,1,1,3,5,3,0,61962,0,1,21,1,1,1,0,0,Voluntarily Terminated,4.9,3,0,0,20
10025,0,0,1,5,4,0,72460,1,0,21,0,0,1,0,1,Active,4.7,3,0,0,1
10170,1,1,3,5,3,0,45433,0,1,20,0,0,1,0,0,Voluntarily Terminated,3.49,4,0,0,6
10246,0,0,2,3,3,0,114800,0,1,8,0,0,1,0,0,Terminated for Cause,4.6,4,4,0,10
10125,1,1,1,5,3,0,54828,1,0,20,0,0,1,0,0,Active,4.2,4,0,0,13
10223,0,0,1,5,3,1,72106,1,0,21,1,1,1,0,1,Active,4.1,4,0,0,12
10300,1,1,3,5,1,1,68898,0,1,21,1,1,1,0,1,Voluntarily Terminated,3,3,0,3,10
10289,1,1,3,5,2,0,83082,0,1,19,1,1,1,0,1,Voluntarily Terminated,2.34,2,0,3,4
10036,0,0,1,5,4,0,63322,1,0,21,0,0,1,0,0,Active,4.3,3,0,0,1
10146,1,1,3,5,3,0,72202,0,1,21,0,0,1,0,0,Voluntarily Terminated,3.93,3,0,0,3
10280,0,0,2,5,2,0,60340,0,1,20,1,1,1,0,0,Terminated for Cause,5,4,0,5,16
10157,0,0,1,5,3,0,58939,1,0,20,0,0,1,0,0,Active,3.73,3,0,0,16
10085,0,0,1,4,3,0,93396,1,0,24,0,0,1,0,0,Active,4.96,4,6,0,3
10308,1,1,1,5,1,0,64057,1,0,20,1,1,1,0,0,Active,1.56,5,0,6,15
10206,0,0,1,5,3,0,62061,1,0,20,0,0,1,0,0,Active,3.6,5,0,0,4
10126,1,1,1,4,3,0,86214,1,0,24,0,0,1,0,0,Active,4.2,3,6,0,2
10299,0,3,1,5,1,0,56847,1,0,21,0,0,1,0,0,Active,3,1,0,2,5
10029,1,1,1,5,4,0,50373,1,0,20,1,1,1,0,0,Active,4.1,4,0,0,5
10234,1,1,1,3,3,0,99020,1,0,4,1,1,1,0,1,Active,4.2,5,5,0,8
10288,1,1,1,3,2,1,157000,1,0,15,1,1,0,1,1,Active,2.39,3,6,4,13
10173,1,1,1,3,3,0,90100,1,0,4,1,1,1,0,0,Active,3.4,3,6,0,14
10228,1,1,1,3,3,0,74679,1,0,16,1,1,1,1,0,Active,4.3,5,7,0,20
10110,0,0,1,4,3,0,105688,1,0,24,0,0,1,0,1,Active,4.5,5,4,0,14
10063,1,1,1,5,3,0,48495,1,0,20,1,1,1,0,0,Active,5,5,0,0,11
10224,1,1,3,5,3,0,55578,0,1,21,1,1,1,0,0,Voluntarily Terminated,4.2,5,0,0,13
10311,1,1,1,5,3,0,56991,1,0,20,1,1,1,0,0,Active,4.3,4,3,2,2
10309,0,0,1,3,1,0,53366,1,0,17,1,1,1,0,0,Active,1.2,3,6,3,2
10024,0,0,1,4,4,0,92989,1,0,24,1,1,1,0,0,Active,4.5,5,5,0,1
10093,0,0,3,5,3,0,72609,0,1,21,1,1,1,1,0,Voluntarily Terminated,4.76,5,0,0,20
10023,1,1,1,5,4,0,70131,1,0,21,0,0,1,0,0,Active,4.4,3,0,0,16
10159,1,1,1,5,3,0,51337,1,0,20,0,0,1,0,1,Active,3.73,3,0,0,19
10084,1,1,3,3,3,0,104437,0,1,29,1,1,1,0,0,Voluntarily Terminated,4.96,3,6,0,17
10260,0,0,3,5,3,0,46428,0,1,20,1,1,1,0,0,Voluntarily Terminated,4.6,5,0,0,7
10107,0,0,1,5,3,0,63763,1,0,21,0,0,1,0,1,Active,4.51,4,0,0,3
10043,0,0,1,3,3,0,89292,1,0,9,0,0,1,0,0,Active,5,3,5,0,11
10129,0,0,1,5,3,0,46998,1,0,20,1,1,1,0,0,Active,4.17,4,0,0,1
10076,0,0,1,5,3,0,55315,1,0,21,0,0,1,0,1,Active,5,5,0,0,16
10091,1,1,1,5,3,0,52087,1,0,20,0,0,1,0,0,Active,4.81,4,0,0,15
10303,0,0,2,5,1,0,52674,0,1,20,0,0,1,0,1,Terminated for Cause,2.33,2,0,6,3
10169,1,1,1,5,3,0,56147,1,0,20,0,0,1,0,1,Active,3.51,3,0,0,2
10065,0,0,3,5,3,0,53180,0,1,20,1,1,1,0,0,Voluntarily Terminated,5,5,0,0,4
10049,1,1,1,5,3,0,58530,1,0,20,0,0,1,0,0,Active,5,5,0,0,19
10074,0,0,1,5,3,0,64246,1,0,21,1,1,1,1,0,Active,5,3,0,0,20
10269,1,1,3,5,3,0,59369,0,1,21,1,1,1,0,0,Voluntarily Terminated,4.2,4,0,0,6
10069,0,2,3,5,3,0,50825,0,1,20,0,0,1,0,0,Voluntarily Terminated,5,4,0,0,2
10001,0,0,1,5,4,0,72640,1,0,19,1,1,1,0,0,Active,5,3,0,0,14
10051,1,1,1,5,3,0,48285,1,0,20,1,1,1,0,0,Active,5,3,0,0,2
10113,1,1,1,3,3,0,93206,1,0,30,1,1,1,0,0,Active,4.46,5,6,0,7
10144,0,2,1,5,3,0,88976,1,0,19,1,1,1,0,0,Active,3.93,3,0,0,19
10163,1,1,3,5,3,0,55965,0,1,21,0,0,1,0,0,Voluntarily Terminated,3.66,3,0,0,6
10166,1,1,3,5,3,0,54005,0,1,20,0,0,1,0,0,Voluntarily Terminated,3.6,5,0,0,16
10182,1,1,2,2,3,0,49920,0,1,2,0,0,1,0,1,Terminated for Cause,3.24,3,4,0,6
10210,0,0,1,5,3,0,54237,1,0,20,0,0,1,0,0,Active,3.3,4,0,0,11
10220,0,0,1,3,3,0,68678,1,0,16,1,1,1,0,0,Active,4.7,3,6,0,2
10014,0,2,3,5,4,0,58523,0,1,20,1,1,1,0,0,Voluntarily Terminated,4.5,5,0,0,15
10294,0,0,1,5,2,0,66441,1,0,21,0,0,1,0,0,Active,2,3,0,2,3
10011,1,1,1,5,4,0,46738,1,0,20,0,0,1,0,1,Active,4.36,5,0,0,16
10073,1,1,3,5,3,0,68407,0,1,21,0,0,1,0,1,Voluntarily Terminated,5,4,0,0,16
10171,0,0,3,5,3,0,45998,0,1,20,0,0,1,0,0,Voluntarily Terminated,3.45,4,0,0,5
10189,1,1,3,5,3,0,57748,0,1,20,0,0,1,0,0,Voluntarily Terminated,3.13,3,0,0,16
10059,0,2,3,5,3,0,63813,0,1,20,0,0,1,0,0,Voluntarily Terminated,5,5,0,0,17
10058,0,2,3,5,3,0,45115,0,1,20,1,1,1,1,0,Voluntarily Terminated,5,4,0,0,11
10155,0,0,1,4,3,0,101199,1,0,24,0,0,1,0,1,Active,3.79,5,5,0,8
10248,0,0,1,5,3,0,55425,1,0,20,0,0,1,0,0,Active,4.8,4,0,0,4
10276,0,0,1,5,3,0,51259,1,0,20,1,1,1,0,0,Active,4.3,4,0,0,1
10150,0,0,1,4,3,0,77692,1,0,27,1,1,1,0,0,Active,3.84,3,5,0,4
10145,1,1,1,5,3,0,62810,1,0,20,0,0,1,0,1,Active,3.93,3,0,0,20
10094,1,1,1,5,3,0,63381,1,0,20,0,0,1,1,0,Active,4.73,5,0,0,6
10219,0,0,1,5,3,0,45395,1,0,20,0,0,1,0,0,Active,4.6,4,0,0,14
10071,0,0,1,5,3,0,50923,1,0,20,0,0,1,0,1,Active,5,5,0,0,14
10062,0,4,1,5,3,0,59365,1,0,20,1,1,1,0,0,Active,5,4,0,0,19
10267,0,0,3,5,3,0,57815,0,1,21,0,0,1,0,0,Voluntarily Terminated,4.8,5,0,0,5
10156,1,1,1,3,3,0,105700,1,0,8,0,0,1,0,1,Active,3.75,3,5,0,2
10266,1,1,1,5,3,0,61355,1,0,20,1,1,1,0,1,Active,4.7,3,0,0,4
10174,0,0,1,5,3,0,60446,1,0,21,0,0,1,0,0,Active,3.4,4,0,0,14
10097,0,0,3,5,3,0,52177,0,1,20,0,0,1,0,0,Voluntarily Terminated,4.64,4,0,0,8
10048,1,1,3,5,3,0,55140,0,1,20,1,1,0,0,0,Voluntarily Terminated,5,3,0,0,7
10136,0,0,1,5,3,0,65902,1,0,21,0,0,1,0,1,Active,4,4,0,0,7
10035,0,0,1,5,4,0,73330,1,0,21,0,0,1,0,1,Active,4.2,4,0,0,19
10077,1,1,1,5,3,0,62385,1,0,21,0,0,1,0,0,Active,5,3,0,0,4
10305,1,1,2,6,1,0,70187,0,1,3,1,1,1,0,0,Terminated for Cause,2,5,0,4,7
10122,0,2,3,5,3,1,51505,0,1,20,0,0,1,0,1,Voluntarily Terminated,4.24,4,0,0,2
10053,1,1,1,5,3,0,54132,1,0,20,0,0,1,0,0,Active,5,4,0,0,8
10039,0,0,1,2,3,0,51920,1,0,2,0,0,1,0,0,Active,5,3,5,0,2
10064,1,1,3,5,3,0,60070,0,1,20,0,0,1,0,0,Voluntarily Terminated,5,3,0,0,7
10100,0,3,3,5,3,0,58275,0,1,21,0,0,1,0,1,Voluntarily Terminated,4.62,5,0,0,1
10045,1,1,1,3,3,0,76029,1,0,17,1,1,0,0,0,Active,5,4,7,0,8
10068,0,0,1,5,3,0,55688,1,0,20,0,0,1,0,0,Active,5,4,0,0,10
10148,1,1,3,5,3,0,63515,0,1,20,0,0,1,0,0,Voluntarily Terminated,3.89,4,0,0,7
10284,1,1,1,5,2,0,61584,1,0,20,0,0,1,0,1,Active,3.88,4,0,0,6
10214,0,3,1,5,3,0,64995,1,0,21,0,0,1,0,0,Active,4.5,3,0,0,6
10030,0,2,3,5,4,0,62425,0,1,20,0,0,1,0,0,Voluntarily Terminated,4.1,4,0,0,16
10119,1,1,1,3,3,0,66593,1,0,16,0,0,1,0,1,Active,4.3,3,5,0,19
10185,1,1,3,5,3,0,46664,0,1,20,1,1,1,0,0,Voluntarily Terminated,3.18,3,0,0,10
10034,1,1,3,5,4,0,46837,0,1,20,1,1,1,0,0,Voluntarily Terminated,4.7,4,0,0,9
10195,1,1,3,5,3,0,63478,0,1,21,0,0,0,0,0,Voluntarily Terminated,3.03,5,0,0,16
10138,1,1,3,5,3,0,61154,0,1,20,0,0,1,0,1,Voluntarily Terminated,4,4,0,0,4
10102,0,0,3,4,3,1,100416,0,1,24,1,1,0,0,1,Voluntarily Terminated,4.6,3,4,0,9
10050,1,1,3,5,3,0,64724,0,1,20,1,1,1,0,1,Voluntarily Terminated,5,3,0,0,13
10018,0,0,1,5,4,0,57815,1,0,20,0,0,1,1,1,Active,3.9,4,0,0,3
10243,0,0,1,5,3,0,53018,1,0,20,0,0,1,1,0,Active,4.3,5,0,0,7
10279,1,1,1,5,3,0,61349,1,0,20,0,0,1,0,0,Active,4.1,3,0,0,11
10164,0,0,1,5,3,0,47001,1,0,20,1,1,1,0,0,Active,3.66,3,0,0,15
10090,1,1,1,5,3,0,65714,1,0,19,0,0,1,0,0,Active,4.83,5,0,0,15
10229,0,2,3,3,3,0,88527,0,1,9,1,1,1,0,1,Voluntarily Terminated,4.2,3,5,0,2
10277,0,0,1,5,3,0,53250,1,0,20,1,1,1,0,1,Active,4.2,4,0,0,13
10261,0,0,1,5,3,0,63108,1,0,20,1,1,1,0,0,Active,4.4,5,0,0,3
10254,0,2,1,5,3,0,63430,1,0,20,0,0,1,0,0,Active,4.4,4,0,0,18
10127,0,4,1,3,3,0,107226,1,0,30,0,0,1,0,1,Active,4.2,4,8,0,7
10301,0,0,3,5,1,0,48513,0,1,20,0,0,1,0,1,Voluntarily Terminated,3.2,2,0,5,4
10286,0,0,3,5,2,0,53564,0,1,20,1,1,1,0,1,Voluntarily Terminated,3.54,5,0,4,15
10296,0,0,2,5,2,0,59124,0,1,20,0,0,1,0,0,Terminated for Cause,2.3,3,0,5,19
10143,0,0,1,5,3,0,56294,1,0,21,1,1,0,0,1,Active,3.96,4,0,0,6
10190,0,0,1,5,3,0,66541,1,0,21,1,1,1,0,1,Active,3.11,5,0,0,4
10081,1,1,1,2,3,1,106367,1,0,28,0,0,1,0,1,Active,5,4,3,0,4
10268,0,4,3,5,3,0,67176,0,1,21,1,1,1,0,0,Voluntarily Terminated,4.1,4,0,0,15
10298,0,0,3,5,1,0,55800,0,1,21,1,1,1,0,0,Voluntarily Terminated,3,2,0,6,6
10297,1,1,3,5,2,0,60270,0,1,21,0,0,1,0,1,Voluntarily Terminated,2.4,5,0,5,2
10101,0,3,1,3,3,0,61242,1,0,16,0,0,1,1,0,Active,4.61,4,5,0,11
10262,0,2,3,5,3,0,46430,0,1,20,0,0,1,0,0,Voluntarily Terminated,4.5,5,0,0,16
10274,1,1,3,5,3,1,80512,0,1,19,0,0,1,0,1,Voluntarily Terminated,4.5,3,0,0,5
10152,0,2,3,5,3,0,61729,0,1,20,1,1,1,0,0,Voluntarily Terminated,3.8,5,0,0,19
10021,1,1,1,5,4,0,47414,1,0,20,1,1,1,0,0,Active,5,3,0,0,13
10198,0,0,1,3,3,0,140920,1,0,13,1,1,1,0,0,Active,3.6,5,7,0,13
10078,1,1,3,5,3,0,71966,0,1,21,0,0,1,0,1,Voluntarily Terminated,5,3,0,0,17
10112,0,0,1,3,3,0,97999,1,0,8,0,0,1,0,0,Active,4.48,5,6,0,4
10149,0,0,3,3,3,0,120000,0,1,31,0,0,1,1,0,Voluntarily Terminated,3.88,3,7,0,12
10147,0,0,1,2,3,0,63003,1,0,1,1,1,1,0,0,Active,3.9,5,5,0,9
10209,0,0,1,5,3,0,59238,1,0,20,0,0,0,0,1,Active,3.4,5,0,0,13
10022,1,1,2,5,4,0,49773,0,1,20,0,0,1,0,0,Terminated for Cause,4.3,5,0,0,18
10259,1,1,3,3,3,0,93093,0,1,9,1,1,1,0,0,Voluntarily Terminated,4.7,4,5,0,19
10117,1,1,1,5,3,0,63025,1,0,20,1,1,1,1,0,Active,4.36,5,0,0,10
10067,0,0,1,5,3,0,61656,1,0,20,0,0,1,0,0,Active,5,4,0,0,11
10272,1,1,1,6,3,0,180000,1,0,11,0,0,1,0,0,Active,4.5,4,0,0,19
10167,1,1,1,6,3,0,70545,1,0,3,1,1,1,0,1,Active,3.6,5,0,0,9
10253,0,0,1,6,3,0,55875,1,0,3,1,1,1,0,1,Active,4.5,4,0,0,11
10099,0,0,1,6,3,0,65729,1,0,22,0,0,1,0,0,Active,4.62,4,0,0,8
10040,0,0,1,6,3,0,71860,1,0,3,0,0,1,0,0,Active,5,5,0,0,7
10199,0,0,2,3,3,0,103613,0,1,32,1,1,1,0,1,Terminated for Cause,3.5,5,7,0,2
10212,1,1,1,3,3,0,85028,1,0,30,0,0,1,0,0,Active,3.1,5,8,0,19
10273,0,0,1,3,3,0,65707,1,0,16,0,0,1,0,0,Active,4.7,4,5,0,1
10258,0,0,1,6,3,0,67251,1,0,3,1,1,1,0,1,Active,4.3,3,0,2,7
10008,0,0,1,3,4,1,51777,1,0,16,0,0,1,1,1,Active,4.64,4,5,0,14
10083,0,0,1,3,3,0,92329,1,0,30,1,1,1,0,0,Active,5,3,4,0,5
10165,0,0,1,6,3,1,71339,1,0,3,1,1,1,1,1,Active,3.65,5,0,0,20
10244,0,0,3,6,3,0,68999,0,1,22,0,0,1,0,0,Voluntarily Terminated,4.5,5,0,0,2
10188,1,1,3,6,3,0,74326,0,1,3,0,0,0,0,1,Voluntarily Terminated,3.14,5,0,1,19
10041,0,0,1,6,3,0,68829,1,0,3,1,1,1,0,0,Active,5,5,0,0,18
10042,0,0,1,6,3,0,63695,1,0,3,0,0,1,0,1,Active,5,5,0,0,2
10121,0,0,1,6,3,0,63051,1,0,3,0,0,1,1,0,Active,4.28,3,0,0,1
10306,0,0,1,6,1,0,61568,1,0,3,1,1,1,0,1,Active,1.93,3,0,6,5
10109,0,0,3,6,3,0,71707,0,1,3,1,1,1,0,1,Voluntarily Terminated,4.5,5,0,0,20
10124,1,1,1,6,3,0,61844,1,0,3,0,0,1,0,1,Active,4.2,5,0,0,9
10142,0,4,2,6,3,0,59370,0,1,3,0,0,1,0,1,Terminated for Cause,3.97,4,0,0,7
10255,0,0,1,6,3,0,61555,1,0,3,0,0,1,0,0,Active,4.5,5,0,0,20
10013,0,3,1,6,4,0,64397,1,0,3,1,1,1,0,0,Active,4.1,3,0,0,6
10241,1,1,1,6,3,0,60120,1,0,3,0,0,1,0,1,Active,4.1,4,0,0,18
10200,0,0,1,6,3,0,66808,1,0,3,1,1,0,0,1,Active,3,5,0,0,17
10012,0,2,1,3,4,1,92328,1,0,9,1,1,1,0,1,Active,4.28,4,5,0,9
10202,1,1,1,6,3,0,63291,1,0,3,1,1,1,0,1,Active,3.4,4,0,0,7
10231,0,0,1,6,3,0,65310,1,0,3,1,1,1,0,0,Active,4.3,5,0,0,13
10140,1,1,1,6,3,0,61809,1,0,3,1,1,1,0,0,Active,3.98,3,0,0,4
10103,0,3,1,6,3,0,70468,1,0,3,1,1,1,0,1,Active,4.53,3,0,0,16
10205,1,1,1,6,3,0,57859,1,0,3,0,0,1,0,1,Active,2.81,3,0,0,16
10307,1,1,1,6,1,0,58273,1,0,3,1,1,1,0,0,Active,1.81,2,0,3,5
10006,0,0,1,6,4,0,74241,1,0,3,0,0,1,0,0,Active,4.77,5,0,0,14
10161,0,0,1,6,3,0,58370,1,0,3,0,0,1,0,1,Active,3.69,3,0,0,18
10304,0,0,1,6,1,0,59231,1,0,3,0,0,1,1,0,Active,2.3,1,0,2,17
10252,1,1,3,5,3,1,54670,0,1,20,0,0,1,1,1,Voluntarily Terminated,4.2,4,0,0,12
10066,0,2,3,5,3,0,52505,0,1,20,1,1,1,0,0,Voluntarily Terminated,5,5,0,0,1
